{"0": [0, "Yes", "4", "4", "3", "3", "2", 49.80616221482504, 0.7863436954774013, 50.170539033457246, 0.6979254152968741], "1": [1, "No", "1", "1", "1", "1", "1", 19.347679324894514, 0.41571872832410584, 24.285714285714285, 0.383116369457211], "2": [2, "Yes", "5", "4", "3", "3", "2", 51.30434782608695, 0.7624525555959936, 49.44607843137255, 0.7149050208910804], "3": [3, "Yes", "5", "4", "4", "3", "2", 53.18028655179026, 0.7641096245526617, 36.9, 0.7767197629222454], "4": [4, "Yes", "4", "4", "3", "2", "2", 49.03378378378378, 0.712891095492836, 53.56538831835687, 0.7630194180043499], "5": [5, "Yes", "5", "4", "3", "2", "3", 49.361702127659576, 0.7537107672747041, 61.19308029572014, 0.7379241704807051], "6": [6, "Yes", "5", "4", "4", "3", "3", 65.59430604982207, 0.7807665115444006, 41.92744755244755, 0.7232198655465756], "7": [7, "Yes", "5", "4", "4", "3", "2", 51.32678847377511, 0.7804037925550131, 30.298711169861203, 0.6763275558069368], "8": [8, "Yes", "4", "4", "3", "3", "1", 64.736, 0.8264260249554368, 30.701129703301046, 0.6194927592621369], "9": [9, "Yes", "5", "4", "3", "2", "3", 34.98222222222223, 0.6802584670231729, 62.0, 0.8271356569979996], "10": [10, "Yes", "5", "4", "4", "3", "3", 69.58105263157896, 0.80462775635887, 38.8, 0.7087035704567692], "11": [11, "Yes", "4", "4", "3", "2", "2", 45.5, 0.7174559694900646, 27.459125098970706, 0.6698474786460711], "12": [12, "Yes", "5", "4", "3", "3", "2", 51.732047872340424, 0.7516101132228266, 39.61909871244635, 0.6902639565767417], "13": [13, "Yes", "5", "4", "4", "3", "3", 63.63636363636365, 0.8131292517006806, 28.78850503813162, 0.6058731915262217], "14": [14, "No", "3", "3", "3", "2", "2", 58.030465949820794, 0.7849247503484433, 40.110384348228756, 0.7055103034421943], "15": [15, "Yes", "5", "5", "3", "3", "2", 41.75147928994083, 0.7129610401052192, 65.46774193548387, 0.7894592905141431], "16": [16, "Yes", "5", "4", "4", "3", "3", 36.77180449319286, 0.7065667016379102, 42.0, 0.7065569306536114], "17": [17, "Yes", "5", "4", "4", "3", "3", 60.648, 0.7842731948988164, 41.16758241758242, 0.7092689928162947], "18": [18, "Yes", "4", "4", "3", "3", "2", 53.861818181818194, 0.778524374176548, 42.86418166238218, 0.6422635996500449], "19": [19, "Yes", "4", "4", "3", "2", "2", 41.30081300813008, 0.5930107148216383, 44.1412213740458, 0.6140331375451054], "20": [20, "No", "3", "3", "3", "2", "1", 28.444444444444443, 0.71571717146987, 36.05, 0.5665850387707217], "21": [21, "Yes", "5", "4", "4", "3", "3", 85.57818181818182, 0.8284837525343858, 60.54347711069667, 0.7652113581647549], "22": [22, "Yes", "4", "4", "3", "3", "2", 40.047770700636946, 0.7406122448979592, 86.82333333333335, 0.857239239507782], "23": [23, "Yes", "5", "4", "3", "3", "2", 47.69088533815697, 0.7425746438774558, 43.05291005291005, 0.7484416239102916], "24": [24, "Yes", "5", "4", "4", "3", "3", 51.37931034482759, 0.7748799512723555, 43.53510324483776, 0.6914839960479011], "25": [25, "Yes", "4", "4", "3", "3", "2", 79.82545454545456, 0.843217893217894, 37.40213178294574, 0.7519133699525872], "26": [26, "Yes", "5", "4", "3", "3", "2", 47.90384615384615, 0.6889908648510202, 33.90761849794387, 0.6547600998116722], "27": [27, "Yes", "4", "4", "3", "3", "2", 71.57396449704142, 0.8195958436922286, 27.69094248564565, 0.6202442759313243], "28": [28, "Yes", "4", "4", "3", "3", "2", 47.84612860597452, 0.7550187053347575, 21.48132045088567, 0.5908585488677293], "29": [29, "Yes", "3", "3", "3", "2", "2", 66.99526066350711, 0.8061466891508432, 21.5189427892404, 0.584240756361609], "30": [30, "Yes", "4", "4", "3", "2", "2", 38.75703794369645, 0.7787191899336686, 38.71432491767288, 0.7239807890982871], "31": [31, "Yes", "5", "5", "3", "3", "2", 47.0, 0.7469561479737246, 48.37549019607844, 0.6507625962751111], "32": [32, "Yes", "5", "4", "4", "3", "3", 46.097129907068, 0.7739317056586125, 39.03125368557613, 0.6706470002340812], "33": [33, "Yes", "5", "4", "3", "2", "3", 53.50523702142867, 0.775736392192065, 47.74577352472089, 0.7239672213308046], "34": [34, "Yes", "5", "4", "3", "3", "2", 58.33333333333334, 0.7950000000000002, 68.87809036658143, 0.6903419138458786], "35": [35, "Yes", "5", "4", "3", "3", "3", 59.869918699187004, 0.7976091946028646, 60.015449438202246, 0.728955785914989], "36": [36, "Yes", "5", "4", "3", "2", "2", 41.15999999999999, 0.8150375939849628, 49.56892195395845, 0.7526018095371654], "37": [37, "No", "2", "2", "1", "1", "1", 40.45578397283393, 0.7256583242481629, 32.19514226231783, 0.6302674540793135], "38": [38, "No", "3", "4", "3", "2", "2", 39.17275674906489, 0.7462697709168179, 35.893412162162164, 0.6952018787204611], "39": [39, "Yes", "5", "4", "3", "2", "2", 49.27166666666666, 0.768218727515675, 57.0, 0.7915021138705358], "40": [40, "Yes", "5", "4", "3", "3", "3", 75.332, 0.8092187168011971, 66.8827347083926, 0.7356659031502064], "41": [41, "Yes", "5", "5", "3", "3", "2", 73.17333333333337, 0.837301587301587, 71.68, 0.8484543010752688], "42": [42, "Yes", "4", "4", "3", "3", "2", 71.53, 0.8103781834838818, 48.39331619537275, 0.7331883691320409], "43": [43, "Yes", "5", "4", "3", "3", "3", 66.0, 0.7925219046186783, 64.933908045977, 0.716172652776945], "44": [44, "Yes", "4", "4", "3", "3", "2", 73.17333333333333, 0.8256085109858701, 34.45424172536309, 0.6594731395622973], "45": [45, "Yes", "5", "4", "3", "2", "2", 120.95999999999995, 0.9126474832357189, 50.43283582089553, 0.7576495881163376], "46": [46, "Yes", "5", "4", "3", "3", "3", 46.788808664259925, 0.7010496738003286, 41.65382038946602, 0.7062639710886521], "47": [47, "Yes", "5", "4", "4", "3", "3", 45.47619047619048, 0.7380993373714886, 51.2, 0.7041882635542692], "48": [48, "No", "3", "3", "3", "2", "1", 25.607980310513984, 0.6936401011388976, 37.762719298245614, 0.705165382269611], "49": [49, "Yes", "4", "4", "3", "2", "2", 71.75466666666667, 0.8082401045979172, 36.73815261044177, 0.6244942214797466]}